BookName,Publisher,Author,Year,Language
"
Data Science from Scratch: First Principles with Python, Second Edition
",O’Reilly Media,Joel Grus,2019,english
"
Numerical Python: Scientific Computing and Data Science Applications with Numpy, SciPy and Matplotlib
",Apress,Robert Johansson,2019,english
"
Data Analysis From Scratch With Python: Beginner Guide using Python, Pandas, NumPy, Scikit-Learn, IPython, TensorFlow and Matplotlib
",AI Sciences LLC,Peters Morgan,2018,english
"
Python Data Science Handbook: Essential Tools for Working with Data
",O'Reilly Media,Jake VanderPlas,2016,english
"
R for Data Science: Import, Tidy, Transform, Visualize, and Model Data
",O’Reilly Media,"Hadley Wickham, Garrett Grolemund",2017,english
"
Data Science for Business: What You Need to Know About Data Mining and Data-Analytic Thinking
",O'Reilly Media,"Foster Provost, Tom Fawcett",2013,english
"
Data Science with R A Step By Step Guide With Visual Illustrations and Examples
",Andrew Oleksy,Andrew Oleksy,2018,english
"
The Art of Data Science: A Guide for Anyone Who Works with Data
",nan,"Roger D. Peng, Elizabeth Matsui",2015,english
"
Introducing Data Science: Big Data, Machine Learning, and more, using Python tools
",Manning Publications,"Davy Cielen, Arno Meysman, Mohamed Ali",2016,english
"
Machine Learning: The Art and Science of Algorithms that Make Sense of Data
",Cambridge University Press,Peter Flach,2012,english
"
Python Data Science: The Ultimate Handbook for Beginners on How to Explore NumPy for Numerical Data, Pandas for Data Analysis, IPython, Scikit-Learn and Tensorflow for Machine Learning and Business
",Steve Blair,Steve Blair,2019,english
"
Data Science For Dummies
",John Wiley & Sons,Lillian Pierson,2015,english
"
Data Science from Scratch: First Principles with Python
",O'Reilly Media,Joel Grus,2019,english
"
Data Science
",The MIT Press,"John D. Kelleher, Brendan Tierney",2018,english
"
Practical Web Scraping for Data Science: Best Practices and Examples with Python
",Apress,"Seppe vanden Broucke, Bart Baesens",2018,english
"
Statistics: The Art and Science of Learning from Data
",Pearson,"Christine A. Franklin, Bernhard Klingenberg, Alan Agresti",2017,english
"
Analytics in a Big Data World: The Essential Guide to Data Science and its Applications
",Wiley,Bart Baesens,2014,english
"
The Data Science Handbook
",John Wiley & Sons,Field Cady,2017,english
"
Principles of Data Science
",Packt Publishing,Sinan Ozdemir,2016,english
"
Advanced Data Science and Analytics with Python
",CRC Press,Jesús Rogel-Salazar,2020,english
"
Linux: This Book Includes 4 Manuscripts. The Underground Bible to the UNIX Operating System with Tools On Security and Kali Hacking to Understand Computer Programming, Data Science and Command Line
",nan,"Growth, Darwin",2020,english
"
Intro to Python forComputer Science and Data Science : Learning to Program with AI, Big Data and the Cloud
",nan,Paul Deitel,2020,english
"
Data Science and Big Data Analytics: Discovering, Analyzing, Visualizing and Presenting Data
",Wiley,EMC Education Services,2015,english
"
An Introduction to Data: Everything You Need to Know About AI, Big Data and Data Science
",Springer International Publishing,Francesco Corea,2019,english
"
Applied Data Science with Python and Jupyter
",Packt Publishing,Alex Galea,2018,english
"
Machine Learning and Data Science Blueprints for Finance: From Building Trading Strategies to Robo-Advisors Using Python
",O'Reilly Media,"Hariom Tatsat, Sahil Puri, Brad Lookabaugh",2020,english
"
500 Most Important Data Science Interview Questions and Answers
",Indian Wolf Publications,Vamsee Puligadda,2018,english
"
Practical Data Science with R
",Manning Publications,"Nina Zumel, John Mount",2014,english
"
Data Science Programming All-In-One For Dummies
",John Wiley & Sons,"John Paul Mueller, Luca Massaron",2020,english
"
AI in Marketing, Sales and Service: How Marketers without a Data Science Degree can use AI, Big Data and Bots
",Palgrave Macmillan,Peter Gentsch,2018,english
"
Data-Driven Science and Engineering: Machine Learning, Dynamical Systems, and Control
",Cambridge University Press,"Steven L. Brunton, J. Nathan Kutz",2019,english
"
Data Visualization and Exploration with R - A Practical Guide to Using R RStudio and Tidyverse for Data Visualization Exploration and Data Science Applications
",Geospatial Training Services,Eric Pimpler,2017,english
"
Data Science from Scratch: First Principles with Python
",O'Reilly Media,Joel Grus,2019,english
"
120 real data science interview questions
",nan,"Carl Shan, Max Song, Henry Wang, And  William Chen",2015,english
"
Probability and Statistics for Data Science: Math + R + Data
",CRC Press,Norman S. Matloff,2020,english
"
Data Structures and Algorithms with Python: Undergraduate Topics in Computer Science
",Springer,"Kent Lee, Steve Hubbard",2015,english
"
Convolutional Neural Networks in Python: Master Data Science and Machine Learning with Modern Deep Learning in Python, Theano, and TensorFlow (Machine Learning in Python)
",LazyProgrammer.me,LazyProgrammer,2016,english
"
Intro to Python for Computer Science and Data Science: Learning to Program with AI, Big Data and The Cloud
",Pearson,"Paul J. Deitel, Harvey Deitel",2020,english
"
Data science from scratch: the #1 data science guide for everything a data scientist needs to know: Python, linear algebra, statistics, coding, applications, neural networks, and decision trees
",Steven Cooper;Data Science,"Cooper, Steven",2018,english
"
Hands-On Data Analysis with Pandas: A Python data science handbook for data collection, wrangling, analysis, and visualization
",Packt Publishing,Stefanie Molin,2021,english
"
Big Data, Cloud Computing, Data Science & Engineering
",Springer International Publishing,Roger Lee,2019,english
"
The Decision Maker’s Handbook To Data Science: A Guide For Non-Technical Executives, Managers, And Founders
",Apress,Stylianos Kampakis,2020,english
"
Build a Career in Data Science
",Manning Publications,"Emily Robinson, Jacqueline Nolis",2020,english
"
Machine Learning: 2 Books in 1: An Introduction Math Guide for Beginners to Understand Data Science Through the Business Applications
",nan,"Hack, Samuel",2020,english
"
Big Data MBA Driving Business Strategies with Data Science
",nan,Schmarzo B.,english,english
"
PYTHON: Learn Coding Programs with Python Programming and Master Data Analysis & Analytics, Data Science and Machine Learning with the Complete Python for Beginners Crash Course - 4 Books in 1
",nan,"Academy, Tech Ed",2020,english
"
Data Science Projects with Python: A case study approach to gaining valuable insights from real data with machine learning, 2nd Edition
",Packt Publishing,Stephen Klosterman,2021,english
"
Business Intelligence, Analytics, and Data Science: A Managerial Perspective
",Pearson,"Ramesh Sharda, Dursun Delen, Efraim Turban",2017,english
"
Fraud analytics using descriptive, predictive, and social network techniques : a guide to data science for fraud detection
",John Wiley & Sons,"Bart Baesens, Veronique Van Vlasselaer, Wouter Verbeke",2015,english
"
Doing Data Science: Straight Talk from the Frontline
",O'Reilly Media,"Rachel Schutt, Cathy O'Neil",2013,english
"
It's All Analytics!: The Foundations of AI, Big Data, and Data Science Landscape for Professionals in Healthcare, Business, and Government
",CRC Press,"Scott Burk, Gary D. Miner",2020,english
"
Python for Data Science, 2nd Edition
",Wiley,"John Paul Mueller, Luca Massaron",2019,english
"
A Hands-On Introduction to Data Science
",Cambridge University Press,Chirag Shah,2020,english
"
The Enterprise Big Data Lake: Delivering the Promise of Big Data and Data Science
",O’Reilly Media,Alex Gorelik,2019,english
"
Univariate, Bivariate, and Multivariate Statistics Using R: Quantitative Tools for Data Analysis and Data Science
",Wiley,Daniel J. Denis,2020,english
"
Data science : fondamentaux et études de cas : Machine learning avec Python et R
",Eyrolles,"Eric Biernat, Michel Lutz, Yann LeCun",2015,french
"
Detecting regime change in computational finance: data science, machine learning and algorithmic trading
",CRC Press,"Chen, Jun, Tsang, Edward",2021,english
"
Data Science and Big Data Analytics
",Springer Singapore,"Durgesh Kumar Mishra, Xin-She Yang, Aynur Unal",2019,english
"
Data Science Strategy For Dummies
",Wiley,Ulrika Jägare,2019,english
"
Data Science for Beginners: 4 Books in 1: Python Programming, Data Analysis, Machine Learning. A Complete Overview to Master The Art of Data Science From Scratch Using Python for Business
",nan,Andrew Park,2020,english
"
Intro to Python for Computer Science and Data Science: Learning to Program with AI, Big Data and The Cloud, Global Edition
",Pearson,Paul Deitel,2021,english
"
Python Programming: 3 BOOKS IN 1 Learn machine learning, data science and analysis with a crash course for beginners. Included coding exercises for artificial intelligence, Numpy, Pandas and Ipython.
",nan,"Test, Jason",2020,english
"
Data Science from Scratch: First Principles with Python
",O'Reilly Media,Joel Grus,2015,english
"
Practical Data Science with R
",Manning Publications,"Nina Zumel, John Mount",2019,english
"
Natural Language Processing in Python: Master Data Science and Machine Learning for spam detection, sentiment analysis, latent semantic analysis, and article spinning (Machine Learning in Python)
",LazyProgrammer,Unknown,2016,english
"
Data Science do zero: Primeiras regras com o Python
",Alta Books,Joel Grus,2016,portuguese
"
Parallel Computing for Data Science
",CRC Press,Norman Matloff,2015,english
"
MALWARE DATA SCIENCE  Attack Detection and Attribution
",No Starch Press,Joshua Saxe,2018,english
"
Cleaning Data for Effective Data Science: Doing the other 80% of the work with Python, R, and command-line tools
",Packt Publishing - ebooks Account,David Mertz,2021,english
"
Foundations of Data Science
",Cambridge University Press,"Avrim Blum, John Hopcroft, Ravindran Kannan",2020,english
"
Data Science with Julia
",CRC Press,"Paul D. McNicholas, Peter A. Tait",2019,english
"
Lecture Notes on Data Engineering and Communications Technologies Volume 89
",Data Science Interview Books,Series Editor: Fatos Xhafa,2022,english
"
Malware Data Science: Attack Detection And Attribution
",No Starch Press,"Joshua Saxe, Hillary Sanders",2018,english
"
Docker for Data Science: Building Scalable and Extensible Data Infrastructure Around the Jupyter Notebook Server
",Apress,Joshua Cook,2017,english
"
Hands-on data science and Python machine learning : perform data mining and machine learning efficiently using Python and Spark
",Packt Publishing - ebooks Account,Frank Kane,2017,english
"
The Kaggle Book: Data analysis and machine learning for competitive data science
",nan,KONRAD. MASSARON BANACHEWICZ (LUCA.),2022,english
"
Data Science Bookcamp: Five real-world Python projects (Final Release)
",Manning Publications,Leonard Apeltsin,2021,english
"
Business Data Science: Combining Machine Learning and Economics to Optimize, Automate, and Accelerate Business Decisions
",nan,Matt Taddy [Matt Taddy],2019,english
"
Data Science in Production: Building Scalable Model Pipelines with Python
",Independently published,Ben G Weber,2020,english
"
Hands-on Scikit-Learn for Machine Learning Applications: Data Science Fundamentals with Python
",Apress,David Paper,2020,english
"
SQL for Data Science: Data Cleaning, Wrangling and Analytics with Relational Databases
",Springer,Antonio Badia,2020,english
"
Practical Data Science with Jupyter: Explore Data Cleaning, Pre-processing, Data Wrangling, Feature Engineering and Machine Learning using Python and Jupyter (English Edition)
",BPB Publications,PRATEEK GUPTA,2021,english
"
Essential Math for Data Science: Take Control of Your Data with Fundamental Calculus, Linear Algebra, Probability, and Statistics
","O’Reilly Media, Inc.",Hadrien Jean,2021,english
"
Unsupervised Machine Learning in Python: Master Data Science and Machine Learning with Cluster Analysis, Gaussian Mixture Models, and Principal Components Analysis
",LazyProgrammer,Lazy Programmer,2016,english
"
Think Like a Data Scientist: Tackle the Data Science Process Step-by-Step
",Manning Publications,Brian Godsey,2017,english
"
Python NumPy for Beginners: NumPy Specialization for Data Science
",AI Publishing LLC,AI Publishing,2022,english
"
The Data Science Design Manual
",Springer,Steven S. Skiena,2017,english
"
A collection of Data Science Interview Questions Solved in Python and Spark: Hands-on Big Data and Machine Learning
",CreateSpace Independent Publishing Platform,Antonio Gulli,2015,english
"
The Applied Data Science Workshop - Second Edition: Get started with the applications of data science and techniques to explore and assess data effectively
",Packt Publishing - ebooks Account,Alex Galea,2020,english
"
PYTHON FOR DATA SCIENCE: Guide to computer programming and web coding. Learn machine learning, artificial intelligence, NumPy and Pandas packages for data analysis. Step-by-step exercises included.
",nan,Jason  Test,2020,english
"
Data Smart: Using Data Science to Transform Information into Insight
",Wiley,John W. Foreman,2013,english
"
Data Science para Negócios
",Alta Books,"Tom Fawcett & Foster Provost [Fawcett, Tom]",2018,portuguese
"
Practical Data Science with Python 3
",Apress,Ervin Varga,2019,english
"
Computer Age Statistical Inference: Algorithms, Evidence, and Data Science
",Cambridge University Press,"Bradley Efron, Trevor Hastie",2016,english
"
JavaScript for Data Science
",CRC Press,"Maya Gans, Toby Hodges, Greg Wilson",2020,english
"
COMPUTER PROGRAMMING 4 Books In 1: Data Science, Hacking with Kali Linux, Computer Networking for Beginners, Python Programming
",nan,Jason Callaway,2020,english
"
Marketing Data Science: Modeling Techniques in Predictive Analytics with R and Python
",PH Professional Business,Thomas W. Miller [Thomas W. Miller],2015,english
"
Data Science on the Google Cloud Platform
",O’Reilly Media,Valliappa Lakshmanan,2018,english
"
Building Data Science Applications with FastAPI: Develop, manage, and deploy efficient machine learning applications with Python
",Packt Publishing,François Voron,2021,english
"
Data Science Fundamentals for Python and MongoDB
",Apress,David Paper,2018,english
"
Machine Learning: 2 Books in 1: Machine Learning for Beginners, Machine Learning Mathematics. An Introduction Guide to Understand Data Science Through the Business Application
",nan,"Samuel Hack [Hack, Samuel]",2019,english
"
Beginning Data Science with Python and Jupyter
",Packt Publishing,Alex Galea,2018,english
"
Python for Data Analysis: The Ultimate Beginner's Guide to Learn programming in Python for Data Science with Pandas and NumPy, Master Statistical Analysis, and Visualization
",nan,"Foster, Matt",2020,english
"
Introduction to Data Science.  A Python Approach to Concepts, Techniques and Applications
",Springer,"Laura Igual, Santi Segu",2017,english
"
Algorithms for Data Science
",Springer,"Brian Steele, John Chandler, Swarna Reddy",2017,english
"
Data Science for Marketing Analytics: A practical guide to forming a killer marketing strategy through data analysis with Python, 2nd Edition
",Packt Publishing,"Mirza Rahim Baig, Gururajan Govindan, Vishwesh Ravi Shrimali",2021,english
"
Learn RStudio IDE: Quick, Effective, and Productive Data Science
",Apress,Matthew Campbell,2019,english
"
Practical Data Science with SAP: Machine Learning Techniques for Enterprise Data
",O’Reilly Media,"Greg Foss, Paul Modderman",2019,english
"
Getting Started with Data Science: Making Sense of Data with Analytics
",IBM Press,Murtaza Haider,2015,english
"
Hands-On Data Science with Anaconda
",Packt Publishing,"Yuxing Yan, James Yan",2018,english
"
Python for Data Analysis: Master Deep Learning with Python Language and Become Great at Programming Python for Beginners with Hands-on Project (Data Science)
",nan,"Scratch, Jason",2020,english
"
Practical DataOps: Delivering Agile Data Science At Scale
",Apress,Harvinder Atwal,2020,english
"
Data Science and Machine Learning Interview Questions Using Python: A Complete Question Bank to Crack Your Interview (English Edition)
",nan,Vishwanathan Narayanan,english,english
"
Data Science for Financial Econometrics
",Springer,"Nguyen Ngoc Thach, Vladik Kreinovich, Nguyen Duc Trung",2021,english
"
Programming Skills for Data Science: Start Writing Code to Wrangle, Analyze, and Visualize Data with R, First Edition
",Addison-Wesley Professional,Michael Freeman & Joel Ross [Michael Freeman],2018,english
"
Modern Data Mining Algorithms in C++ and CUDA C: Recent Developments in Feature Extraction and Selection Algorithms for Data Science
",Apress,Timothy Masters,2020,english
"
Data Science For Dummies, 2nd Edition
",John Wiley & Sons,Lillian Pierson,2017,english
"
Essential Statistics for Non-STEM Data Analysts: Get to Grips with the Statistics and Math Knowledge Needed to Enter the World of Data Science with Python
",Packt,Rongpeng Li,2020,english
"
Data-Driven Science and Engineering: Machine Learning, Dynamical Systems, and Control
",Cambridge University Press,"Steven L. Brunton, J. Nathan Kutz",2019,english
"
Charting the Next Pandemic: Modeling Infectious Disease Spreading in the Data Science Age
",Springer,"Ana Pastore y Piontti, Nicola Perra, Luca Rossi, Nicole Samay, Alessandro Vespignani",2018,english
"
R Programming for Data Science
",[Leanpub],Roger D. Peng,2015,english
"
Learning from Data Made Easy with R: A Gentle Introduction for Data Science
",nan,Lewis N.D.,english,english
"
Deep Learning in Python: Master Data Science and Machine Learning with Modern Neural Networks written in Python, Theano, and TensorFlow
",LazyProgrammer,LazyProgrammer,2016,english
"
Python for Data Analysis: A Basic Programming Crash Course to Learn Python Data Science Essential Tools, Pandas, and Numpy with Questions and Answer from Beginners to Advanced
",nan,Oscar Scratch,2019,english
"
Python Programming for Beginners: Basic Language from Absolute Beginners to Intermediate. Learn Easily and Fast Data Science and Web Development in a Simple and Practical Way Step-by-Step
",Independently published,MARK CODING,2020,english
"
Data science par la pratique
",Eyrolles,Joël Grus,2017,french
"
Be the Outlier : How to Ace Data Science Interviews
",New Degree Press,Shrilata Murthy,2020,english
"
Julia Quick Syntax Reference: A Pocket Guide for Data Science Programming
",Apress,Antonello Lobianco,2019,english
"
Statistical Inference via Data Science: A ModernDive into R and the Tidyverse
",CRC Press,"Chester Ismay, Albert Y. Kim",2019,english
"
Quantitative Data Analysis: Doing Social Research to Test Ideas (Research Methods for the Social Sciences)
",Jossey-Bass,Donald J. Treiman,2009,english
"
Introduction to Probability for Data Science
",Michigan Publishing Services,"Chan, Stanley",2021,english
"
Geographical Data Science and Spatial Data Analysis: An Introduction in R (Spatial Analytics and GIS) 1st Edition
",nan,Lex Comber,2021,english
"
Data Science on AWS: Implementing End-to-End, Continuous AI and Machine Learning Pipelines
",O'Reilly Media,"Chris Fregly, Antje Barth",2021,english
"
Data Science in Practice
",Springer International Publishing,"Alan Said, Vicenç Torra",2019,english
"
Business intelligence, analytics, and data science a managerial perspective
",Pearson,"Delen, Dursun, Sharda, Ramesh, Turban, Efraim",2018,english
"
Beginning Mathematica and Wolfram for Data Science: Applications in Data Analysis, Machine Learning, and Neural Networks
",Apress,Jalil Villalobos Alva,2021,english
"
Practical Web Scraping for Data Science: Best Practices and Examples with Python
",Apress,"Seppe vanden Broucke, Bart Baesens",2018,english
"
Machine Learning and Data Science: An Introduction to Statistical Learning Methods with R
",Technics Publications,Daniel D. Gutierrez,2015,english
"
A Tour Of Data Science: Learn R And Python In Parallel
",CRC Press/Taylor & Francis Group,Nailong Zhang,2021,english
"
Business Analytics: Data Science for Business Problems
",Springer,Walter R. Paczkowski,2022,english
"
Statistics for Data Science
",Packt Publishing,James D. Miller,2017,english
"
Mathematical Problems in Data Science: Theoretical and Practical Methods
",Springer,"Li M. Chen, Zhixun Su, Bo Jiang",2016,english
"
Python Data Science: Learn Python in a Week and Master It. An Hands-On Introduction to Big Data Analysis and Mining, a Project-Based Guide with Practical Exercises (7 Days Crash Course, Book 3)
",nan,"Academy, Computer Programming",2020,english
"
Data Analysis and Presentation Skills. An Introduction for the Life and Medical Sciences
",Wiley,Jackie Willis,2004,english
"
Python Deep Learning: 7 Days To Master Machine Learning, Data Science and Artificial Intelligence: Data Science Degree
",UNKNOWN,"Dwain Debrot [Debrot, Dwain]",2021,english
"
Practical Data Science Cookbook: Data pre-processing, analysis and visualization using R and Python
",Packt Publishing,"Prabhanjan Tattar, Tony Ojeda, Sean Patrick Murphy, Benjamin Bengfort, Abhijit Dasgupta",2017,english
"
Fast Python for Data Science (MEAP V8)
",Manning Publications,Tiago Rodrigues Antao,2022,english
"
Python Programming: 4 Books in 1 - The Complete Crash Course for Beginners to Mastering Python with Practical Applications to Data Analysis & Analytics, Machine Learning and Data Science Projects
",nan,"Park, Andrew",2020,english
"
Learning to Love Data Science: Explorations of Emerging Technologies and Platforms for Predictive Analytics, Machine Learning, Digital Manufacturing and Supply Chain Optimization
",O'Reilly Media,Mike Barlow,2015,english
"
Data Science and Machine Learning: Mathematical and Statistical Methods
",CRC Press,"Dirk P. Kroese, Zdravko I. Botev, Thomas Taimre, Radislav Vaisman",2020,english
"
Data Science: Concepts and Practice
",Elsevier,"Vijay Kotu, Bala Deshpande",2018,english
"
Master Data Science and Data Analysis With Pandas
",nan,Arun Kumar,2020,english
"
Data Science for  Business  Professionals
",BPB Publications,Probyto Data Science and  Consulting Pvt. Ltd.,2020,english
"
Assessing the Accuracy of Remotely Sensed Data: Principles and Practices, Second Edition (Mapping Science)
",CRC Press,"Russell G. Congalton, Kass Green",2008,english
"
Data Science Fundamentals and Practical Approaches: Understand Why Data Science Is the Next
",BPB Publications,"Dr. Gypsy Nandi, Dr. Rupam Kumar Sharma",2020,english
"
Data Science Projects with Python
",Packt Publishing,Stephen Klosterman,2019,english
"
Modern Data Science with R
",CRC,"Benjamin Baumer, Daniel Kaplan, Nicholas Horton",2017,english
"
Essential Math for Data Science (Fifth Early Release)
","O'Reilly Media, Inc.",Thomas Nield,2022,english
"
Python Machine Learning for Beginners: Learning from scratch NumPy, Pandas, Matplotlib, Seaborn, Scikitlearn, and TensorFlow for Machine Learning and Data Science
",AI Publishing LLC,"Publishing, AI",2020,english
"
Analytical Skills for AI and Data Science: Building Skills for an AI-Driven Enterprise
",O'Reilly Media,Daniel Vaughan,2020,english
"
Data Science for Beginners: Comprehensive Guide to Most Important Basics in Data Science
",nan,"Campbell, Alex",2021,english
"
Python Data Science Handbook:  Essential Tools for Working with Data
",O’Reilly Media,Jake VanderPlas,2016,english
"
Clean Data - Data Science Strategies for Tackling Dirty Data
",Packt Publishing,Megan Squire,2015,english
"
Numerical Methods Using Java: For Data Science, Analysis, and Engineering
",Apress,"Haksun Li, PhD",2022,english
"
Data science and complex networks : real cases studies with Python
",Oxford University Press,"Caldarelli, Guido, Chessa, Alessandro",2016,english
"
Statistics with Julia: Fundamentals for Data Science, Machine Learning and Artificial Intelligence (Springer Series in the Data Sciences)
",Springer,"Yoni Nazarathy, Hayden Klok",2021,english
"
Principles Of Managerial Statistics And Data Science
",John Wiley & Sons,Roberto Rivera,2020,english
"
Beginning Data Science with R
",Springer International Publishing,Manas A. Pathak (auth.),2014,english
"
Applied Data Science Using PySpark: Learn the End-to-End Predictive Model-Building Cycle
",Apress,"Ramcharan Kakarla, Sundar Krishnan, Sridhar Alla",2021,english
"
Becoming a Data Head: How to Think, Speak, and Understand Data Science, Statistics, and Machine Learning
",Wiley,"Alex J. Gutman, Jordan Goldmeier",2021,english
"
Python for Data Science
",John Wiley & Sons,"Luca Massaron, John Paul Mueller",2019,english
"
Getting Started with Streamlit for Data Science: Create and deploy Streamlit web applications from scratch in Python
",Packt Publishing,Tyler Richards,2021,english
"
Applied Data Science: Lessons Learned for the Data-Driven Business
",Springer Nature Switzerland,"Martin Braschler, Thilo Stadelmann, Kurt Stockinger",2019,english
"
Data Science With Python And Dask
",Manning Publications,Jesse C. Daniel,2019,english
"
Statistical Foundations Of Data Science
",Chapman&Hall/CRC /Taylor & Francis Group,"Jianqing Fan, Runze Li, Cun-Hui Zhang, Hui Zou",2020,english
"
Python Data Science Handbook, 2nd Edition
","O'Reilly Media, Inc.",Jake VanderPlas,2022,english
"
Data Science Revealed: With Feature Engineering, Data Visualization, Pipeline Development, and Hyperparameter Tuning
",Apress,Tshepo Chris Nokeri,2021,english
"
Data Science For Wind Energy
",Chapman And Hall/CRC,Yu Ding,2020,english
"
Sports Analytics and Data Science: Winning the Game with Methods and Models
",Pearson FT Press,Thomas W. Miller,2015,english
"
Practitioner’s Guide to Data Science: Streamlining Data Science Solutions using Python, Scikit-Learn, and Azure ML Service
",nan,", , , , ",2022,english
"
Data science and machine learning. Mathematical and statistical methods
",Chapman & Hall/CRC,"Botev, Zdravko I., Kroese, Dirk P., Taimre, Thomas, Vaisman, Radislav",2020,english
"
Modeling Techniques in Predictive Analytics with Python and R: A Guide to Data Science
",PH Professional Business,Thomas W. Miller [Thomas W. Miller],2014,english
"
Hands-on DevOps: Explore the concept of continuous delivery and integrate it with data science concepts
",Packt Publishing,Sricharan Vadapalli,2017,english
"
Statistics: The Art and Science of Learning From Data
",Pearson,"Alan Agresti, Christine A. Franklin, Bernhard Klingenberg",2017,english
"
Data Science at the Command Line: Obtain, Scrub, Explore, and Model Data with Unix Power Tools
",O'Reilly Media,Jeroen Janssens,2021,english
"
AI for Data Science: Artificial Intelligence Frameworks and Functionality for Deep Learning, Optimization, and Beyond
",Technics Publications,"Zacharias Voulgaris PhD & Yunus Emrah Bulut [Voulgaris, Zacharias PhD & Bulut, Yunus Emrah]",2018,english
"
Machine Learning: The complete Math Guide to Master Data Science with Python and Developing Artificial Intelligence
",nan,"Algore, Matt",2021,english
"
Numerical Python: Scientific Computing and Data Science Applications with Numpy, SciPy and Matplotlib
",Apress,Robert Johansson,2019,english
"
Python For Data Analysis: The Ultimate and Definitive Manual to Learn Data Science and Coding With Python. Master The basics of Machine Learning, to Clean Code and Improve Artificial Intelligence
",nan,"Algore, Matt",2021,english
"
Thoughtful Data Science: A Programmer’s Toolset for Data Analysis and Artificial Intelligence with Python, Jupyter Notebook, and PixieDust
",Packt Publishing,David Taieb,2018,english
"
Introduction to Statistical and Machine Learning Methods for Data Science
",SAS Institute,"Dr. Carlos Andre Reis Andre Reis Pinheiro, Mike Patetta",2021,english
"
Machine Learning with Python: A Step by Step Guide for Absolute Beginners to Program Artificial Intelligence with Python. Neural Networks and Data Science from Pre-Processing to Deep Learning
",nan,"CODING, MARK",2020,english
"
Data Science at the Command Line
",O’Reilly,Jeroen Janssens,2015,english
"
Python Data Science Handbook: Essential Tools for Working with Data
",O’Reilly Media,Jake VanderPlas,2016,english
"
Effective Data Science Infrastructure: How to make data scientists productive (MEAP v07)
",Manning Publications,Ville Tuulos,2022,english
"
Starting Out with Java: From Control Structures through Data Structures (What's New in Computer Science)
",Pearson,"Gaddis, Tony, Muganda, Godfrey",2018,english
"
Essential Math for Data Science
","O'Reilly Media, Inc.",Thomas Nield,2022,english
"
Data Science and Analytics with Python
",Chapman and Hall/CRC,Jesus Rogel-Salazar,2017,english
"
Intro to Python for Computer Science and Data Science: Learning to Program with AI, Big Data and The Cloud
",Pearson,Paul J. Deitel & Harvey M. Deitel [Paul J. Deitel],2019,english
"
Analytics, Data Science, & Artificial Intelligence: Systems for Decision Support (11th Edition)
",Pearson,"Ramesh Sharda, Dursun Delen, Efraim Turban",2019,english
"
Data Science for Business: What you need to know about data mining and data-analytic thinking
",O'Reilly Media,"Foster Provost, Tom Fawcett",2013,english
"
Machine Learning Algorithms - Popular algorithms for data science and machine learning
",Packt Publishing,Giuseppe Bonaccorso,2018,english
"
Machine Learning for Signal Processing: Data Science, Algorithms, and Computational Statistics
","Oxford University Press, USA",Max A. Little,2019,english
"
An Introduction to Data Science
","SAGE Publications, Inc","Jeffrey S. Saltz, Jeffrey M. Stanton",2017,english
"
The Essentials of Data Science: Knowledge Discovery Using R
","Chapman and Hall/CRC;Chapman & Hall, Williams, Graham",Graham J. Williams,2017,english
"
Practical Data Science with Python: Learn tools and techniques from hands-on examples to extract insights from data
",Packt Publishing,"George, Nathan",2021,english
"
A collection of Advanced Data Science and Machine Learning Interview Questions Solved in Python and Spark  (II): Hands-on Big Data and Machine ... Programming Interview Questions) (Volume 7)
",CreateSpace Independent Publishing Platform,Dr Antonio Gulli,2015,english
"
Managing Your Data Science Projects: Learn Salesmanship, Presentation, and Maintenance of Completed Models
",Apress,Robert de Graaf,2019,english
"
Jupyter for Data Science
",Packt Publishing,Dan Toomey,2017,english
"
Data Science in Education Using R
",Routledge,"Ryan A. Estrellado, Emily A. Freer",2021,english
"
Data Analysis and Machine Learning with Kaggle: How to win competitions on Kaggle and build a successful career in data science
",Packt Publishing - ebooks Account,Konrad Banachewicz,2021,english
"
Handbook of Computational Statistics and Data Science
",Wiley,"Walter W. Piegorsch, Richard F. Levine, Hao Helen Zhang, Thomas C. M. Lee",2022,english
"
Python: 6 Books in 1:  The Ultimate Bible to Learn Python Programming for a Career in Machine Learning, Data Science &  Web Development.
",nan,"Soranson, Oliver",2020,english
"
Introduction to Statistical Data Analysis for the Life Sciences
",CRC Press,"Claus Thorn Ekstrøm, Helle Sørensen",2014,english
"
Business Analytics: The Science of Data-driven Decision Making
",Wiley,U. Dinesh Kumar,2017,english
"
Python Programming: The Complete Guide to Learn Python for Data Science, AI, Machine Learning, GUI and More With Practical Exercises and Interview Questions
",nan,Nicholas Ayden,2019,english
"
Big Data Meets Survey Science: A Collection of Innovative Methods
",Wiley,"Craig A. Hill (editor), Paul P. Biemer (editor), Trent D. Buskirk (editor), Lilli Japec (editor), Antje Kirchner (editor), Stas Kolenikov (editor), Lars E. Lyberg (editor)",2021,english
"
Data Science and Data Analytics
",CRC Press (Unlimited),"Amit Kumar Tyagi, ",2022,english
"
Beginning Data Science in R: Data Analysis, Visualization, and Modelling for the Data Scientist
",Apress,Thomas Mailund,2017,english
"
Practical Data Science: A Guide to Building the Technology Stack for Turning Data Lakes into Business Assets
",Apress,Andreas François Vermeulen,2018,english
"
Data Science Solutions on Azure: Tools and Techniques Using Databricks and MLOps
",Apress,"Julian Soh, Priyanshi Singh",2020,english
"
Data Science from Scratch: First Principles with Python
",O'Reilly Media,Joel Grus,2019,english
"
Data Science for Healthcare: Methodologies and Applications
",Springer International Publishing,"Sergio Consoli, Diego Reforgiato Recupero, Milan Petković",2019,english
"
Julia for Data Science
",Technics Publications,Zacharias Voulgaris PhD [Zacharias Voulgaris PhD],2016,english
"
Data Science Essentials in Python: Collect - Organize - Explore - Predict - Value
",Pragmatic Bookshelf,Dmitry Zinoviev,2016,english
"
Model-Based Clustering and Classification for Data Science: With Applications in R
",Cambridge University Press,"Charles Bouveyron, Gilles Celeux, T. Brendan Murphy, Adrian E. Raftery",2019,english
"
Data Science Solutions with Python: Fast and Scalable Models Using Keras, PySpark MLlib, H2O, XGBoost, and Scikit-Learn
",Apress,Tshepo Chris Nokeri,2021,english
"
Python Data Analytics: Data Analysis and Science Using Pandas, matplotlib, and the Python Programming Language
",Apress,Fabio Nelli (auth.),2015,english
"
Process Mining: Data Science in Action
",Springer-Verlag Berlin Heidelberg,Wil van der Aalst (auth.),2016,english
"
Data Science For Dummies
",For Dummies,Lillian Pierson,2021,english
"
Data Science con Python - Dalle stringhe al machine learning, le tecniche essenziali per lavorare sui dati
",Apogeo,Dmitry Zinoviev,2016,italian
"
Data Science and Classification
",Springer,"Vladimir Batagelj, Hans-Hermann Bock, Anuka Ferligoj, Ale iberna",2006,english
"
Fundamentals of Data Structures in C
",Computer Science Press,"Ellis Horowitz, Sartaj Sahni, Susan Anderson-Freed",1993,english
"
Marketing Analytics: Optimize Your Business with Data Science in R, Python, and SQL
",nan,"Jacobs, Dave",2016,english
"
Data Visualization Guide: Clear Guide to Data Science and Visualization
",nan,"Campbell, Alex [Campbell, Alex]",2021,english
"
Managing Data Science: Effective Strategies To Manage Data Science Projects And Build A Sustainable Team
",Packt Publishing,Kirill Dubovikov,2019,english
"
Beginning Data Science With Python and Jupyter: Use Powerful Industry-Standard Tools Within Jupyter and the Python Ecosystem to Unlock New, Actionable Insights From Your Data
",Packt Publishing,"Alex Galea [Galea, Alex]",2018,english
"
Functional Programming in R: Advanced Statistical Programming for Data Science, Analysis and Finance
",Apress,Thomas Mailund,2017,english
"
Experimental Methods For Science And Engineering Students: An Introduction To The Analysis And Presentation Of Data
",Cambridge University Press,Les Kirkup,2019,english
"
Data Science. Наука о данных с нуля
",БХВ-Петербург,Джоэл Грас,2021,russian
"
Business Intelligence, Analytics, and Data Science: A Managerial Perspective
",Pearson,"Ramesh Sharda, Dursun Delen, Efraim Turban",2017,english
"
The Data Science Handbook
",leanpub.com,"Carl Shan, Henry Wang, William Chen, Max Song",2015,english
"
Data Science For Dummies
",John Wiley & Sons,Lillian Pierson,2015,english
"
Executive Data Science: A Guide To Training And Managing The Best Data Scientists
",lulu.com,"Brian Caffo, Roger D. Peng, Jeffrey T. Leek",2018,english
"
Data Science Projects with Python, Second Edition
",Packt Publishing,Stephen Klosterman,2021,english
"
Data, models, and decisions: the fundamentals of management science
",South-Western College Pub.,"Dimitris Bertsimas, Robert Michael Freund",2000,english
"
Supervised and Unsupervised Learning for Data Science
",Springer International Publishing,"Michael W. Berry, Azlinah Mohamed, Bee Wah Yap",2020,english
"
The Python Bible 7 in 1: Volumes One To Seven (Beginner, Intermediate, Data Science, Machine Learning, Finance, Neural Networks, Computer Vision)
",nan,"Dedov, Florian",2020,english
"
Introduction to Data Science Data Analysis and Prediction Algorithms with R
",CRC Press,Rafael A. Irizarry,2019,english
"
Python: 3 books in 1 : Python basics for Beginners + Python Automation Techniques And Web Scraping + Python For Data Science And Machine Learning
",nan,"Vickler, Andy",2021,english
"
Data Science for Business and Decision Making
",Academic Press,"Luiz Paulo Fávero, Patrícia Belfiore",2019,english
"
Introduction to Quantitative Data Analysis in the Behavioral and Social Sciences
",John Wiley & Sons,Michael J. Albers,2017,english
"
Statistical Inference for Data Science - A Companion to the Coursera Statistical Inference Course
",nan,Brian Caffo,2015,english
"
Analytics, data science, & artificial intelligence : systems for decision support
",Pearson,"Dursun Delen, Ramesh Sharda, Efraim Turban",2020,english
"
Data Science with SQL Server Quick Start Guide
",Packt Publishing,Dejan Sarka,2018,english
"
Big Data: Concepts, Warehousing, and Analytics (River Publishers Series in Information Science and Technology)
",River Publishers,"Maribel Yasmina Santos, Carlos Costa",2020,english
"
Data Science with Java: Practical Methods for Scientists and Engineers
",O’Reilly Media,Michael R. Brzustowicz,2017,english
"
Practical Data Science Cookbook: 89 hands-on recipes to help you complete real-world data science projects in R and Python
",Packt Publishing,"Tony Ojeda, Sean Patrick Murphy, Benjamin Bengfort, Abhijit Dasgupta",2014,english
"
Data Reduction and Error Analysis for the Physical Sciences
",McGraw-Hill Science/Engineering/Math,"Philip Bevington, D. Keith Robinson",2002,english
"
Data Science mit Python: Das Handbuch für den Einsatz von IPython, Jupyter, NumPy, Pandas, Matplotlib und Scikit-Learn
",MITP-Verlags,Jake VanderPlas,2017,german
"
Hands-on data science for marketing: improve your marketing strategies with machine learning using Python and R
",Packt Publishing,"Hwang, Yoon Hyup",2019,english
"
Python for Data Science: A Hands-On Introduction
",No Starch Press,Yuli Vasiliev,2022,english
"
Advanced Object-Oriented Programming in R: Statistical Programming for Data Science, Analysis and Finance
",Apress,Thomas Mailund,2017,english
"
Hands-On Data Science with R: Techniques to perform data manipulation and mining to build smart analytical models using R
",Packt Publishing,"Vitor Bianchi Lanzetta, Nataraj DasGupta, Ricardo Anjoleto Farias",2018,english
"
R for Data Science: Import, Tidy, Transform, Visualize, and Model Data
",O’Reilly Media,"Hadley Wickham, Garrett Grolemund",2017,english
"
The Enterprise Big Data Lake: Delivering the Promise of Big Data and Data Science
",O'Reilly Media,Alex Gorelik,2019,english
"
Machine Learning and Data Science in the Oil and Gas Industry: Best Practices, Tools, and Case Studies
",Gulf Professional Publishing,Patrick Bangert,2021,english
"
Foundational Python for Data Science
",Addison-Wesley Professional,Kennedy Behrman,2021,english
"
The Python Workshop: Learn to code in Python and kickstart your career in software development or data science
",Packt Publishing,"Andrew Bird, Dr Lau Cher Han, Mario Corchero Jimenez, Graham Lee, Corey Wade",2019,english
"
Python for Beginners: Start Right Now to Learn Computer Programming with the Best Crash Course. Improve your Skills with Machine Learning, Data Analysis and Data Science
",nan,"Chan, Ben",2020,english
"
Python Data Science Essentials - Third Edition: A Beginner’s Guide Covering Essential Data Science Principles, Tools, and Techniques
",Packt Publishing,Luca Massaron & Alberto Boschetti [Luca Massaron],2018,english
"
Network Science with Python and NetworkX Quick Start Guide: Explore and visualize network data effectively
",Packt Publishing,Edward L. Platt,2019,english
"
ARTIFICIAL INTELLIGENCE BUSINESS APPLICATIONS: How to Learn Applied Artificial Intelligence and Use Data Science for Business. Includes Data Analytics, Machine Learning for Business and Python
",nan,"FORD, WILLIAM J.",2020,english
"
Data Science from Scratch with Python: Step-by-Step Guide
",nan,"Peter Morgan [Morgan, Peter]",2018,english
"
Data Science with Python and Dask
",Manning Publications,Jesse C. Daniel,2019,english
"
Machine Learning- The Mastery Bible: The definitive guide to Machine Learning, Data Science, Artificial Intelligence, Neural Networks, and Data Analytics.
",nan,"Hanson, Bill",2020,english
"
Data Science do zero: Primeiras regras com o Python
",Alta Books,Joel Grus,2016,portuguese
"
Machine Learning in Production: Developing and Optimizing Data Science Workflows and Applications
",Addison-Wesley,"Andrew Kelleher, Adam Kelleher",2019,english
"
Big Data, Cloud Computing, and Data Science Engineering
",Springer International Publishing,Roger Lee,2020,english
"
Agile Data Science 2.0: Building Full-Stack Data Analytics Applications with Spark
",O’Reilly Media,Russell Jurney,2017,english
"
Data science using Python and R
",John Wiley & Sons,"Larose, Chantal D., Larose, Daniel T",2019,english
"
Основы Data Science и Big Data. Python и наука о данных
",Питер,"Дэви Силен, Арно Мейсман",2017,russian
"
Data Science and Predictive Analytics: Biomedical and Health Applications using R
",Springer International Publishing,Ivo D. Dinov,2018,english
"
Using R For Data Analysis In Social Sciences: A Research Project-oriented Approach
",Oxford University Press,"Li, Quan",2019,english
"
Unsupervised Deep Learning in Python: Master Data Science and Machine Learning with Modern Neural Networks written in Python and Theano
",LazyProgrammer,LazyProgrammer,2016,english
"
Python Data Science: After work guide to start learning Data Science on your own. Avoid common beginners mistakes of coding. Approach Panda and NumPy to become a brilliant computer programmer.
",nan,"HOOD, CODING, Kölling, Michail",2020,english
"
Becoming a Data Head: How to Think, Speak, and Understand Data Science, Statistics, and Machine Learning
",Wiley,"Alex J. Gutman, Jordan Goldmeier",2021,english
"
Big Data Science in Finance
",Wiley,"Irene Aldridge, Marco Avellaneda",2021,english
"
How to Lead in Data Science
",Manning Publications,"Jike Chong, Yue Cathy Chang",2021,english
"
Data Science with Microsoft SQL Server 2016
",Microsoft Press,"Buck Woody, Danielle Dean, Debraj GuhaThakurta, Gagan Bansal, Matt Conners and Wee-Hyong Tok",2016,english
"
Data Science in the Cloud: with Microsoft Azure Machine Learning and R
",O'Reilly Media,Stephen F. Elston,2015,english
"
PYTHON DATA SCIENCE Learn Python in a Week and Master it
",nan,coll,2020,english
"
Analytical Skills for AI and Data Science: Building Skills for an AI-Driven Enterprise
","O'Reilly Media, Inc, USA",Daniel Vaughan,2020,english
"
Python for Beginners: The Crash Course to Learn Python Programming in 3-Days (or less). Master Artificial Intelligence for Data Science and Machine Learning + Practical Exercises
",nan,"Khan, Aaron",2020,english
"
Data Science and Digital Transformation in the Fourth Industrial Revolution
",Springer International Publishing,"Jongbae Kim, Roger Lee",2021,english
"
Python for Data Science: The Ultimate Step-by-Step Guide to Learn Python In 7 Days & NLP, Data Science from with Python (Master The basics of Data Science and Improve Artificial Intelligence)
",nan,"Wilson, Richard",2021,english
"
Data Science Algorithms in a Week: Top 7 algorithms for computing, data analysis, and machine learning
",Packt Publishing,David Natingga,2017,english
"
Essential Math for Data Science (Third Early Release)
","O’Reilly Media, Inc.",Thomas Nield,2021,english
"
Financial Analytics with R. Building a Laptop Laboratory for Data Science
",Cambridge,"Mark J. Bennett, Dirk L. Hugen",2016,english
"
Advanced Binary for Programming and Computer Science Logical Bitwise and Arithmetic Operations and Data Encoding and Representation
",Answers 2000 Limited,Sunil Tanna,2018,english
"
IPython Interactive Computing and Visualization Cookbook: Over 100 hands-on recipes to sharpen your skills in high-performance numerical computing and data science with Python
",Packt Publishing,Cyrille Rossant,2014,english
"
Graph Data Science (GDS) For Dummies®, Neo4j Special Edition
","John Wiley & Sons, Inc ","Amy Hodler, Mark Needham",2020,english
"
Data Science for Business Professionals
",BPB Publications,Probyto Data Science and Consulting Pvt. Ltd. [Probyto Data Science and Consulting Pvt. Ltd.],2020,english
"
Data Science
",The MIT Press,"John D. Kelleher, Brendan Tierney",2018,english
"
Journal of Financial Data Science
",IPR Journals,Marco Lopez de Prado,2019,english
"
Football Hackers: The Science and Art of a Data Revolution
",Blink Publishing / Bonnier Books,Christoph Biermann,2019,english
"
Introduction to Machine Learning with Python: A Guide for Beginners in Data Science
",AI Sciences LLC,"Daniel Nedal, Peters Morgan",2018,english
"
Mathematical Foundations of Data Science Using R
",de Gruyter,"Frank Emmert-Streib, Salissou Moutari, Matthias Dehmer",2020,english
"
Python for Data Science: 2 Books in 1. A Practical Beginner’s Guide to learn Python Programming, introducing into Data Analytics, Machine Learning, Web Development, with Hands-on Projects
",nan,"THOMPSON, ERICK",2020,english
"
JupyterLab Quick Start Guide: A beginner's guide to the next-gen, web-based interactive computing environment for data science
",Packt Publishing,"Lindsay Richman, Melissa Ferrari, Joseph Oladokun, Wesley Banfield, Dan Toomey",2019,english
"
Python for Data Science For Dummies
",Wiley,"John Paul Mueller, Luca Massaron",2015,english
"
Data Science on AWS: Implementing End-to-End, Continuous AI and Machine Learning Pipelines
",O'Reilly Media,"Chris Fregly, Antje Barth",2021,english
"
Python for Data Analysis: A Complete Guide for Beginners, Including Python Statistics and Big Data Analysis.
",nan,Computer Science Academy,2020,english
"
Essentials of Data Science and Analytics: Statistical Tools, Machine Learning, and R-Statistical Software Overview
",Business Expert Press,Sahay. Amar (author),2021,english
"
Metaprogramming in R: Advanced Statistical Programming for Data Science, Analysis and Finance
",Apress,Thomas Mailund,2017,english
"
Quantitative Economics With R: A Data Science Approach
",Springer,Vikram Dayal,2020,english
"
Data analysis for the life sciences with R
",Chapman and Hall/CRC,"Irizarry, Rafael A., Love, Michael I",2017,english
"
Data Science for IoT Engineers: A Systems Analytics Approach
",Mercury Learning and Information,"Madhavan Ph.D., P. G.",2022,english
"
Python for Beginners: Comprehensive Guide to the Basics of Programming, Machine Learning, Data Science and Analysis with Python.
",nan,"Campbell, Alex",2021,english
"
Data Science on the Google Cloud Platform, 2nd Edition (Third Early Release)
","O'Reilly Media, Inc.",Valliappa Lakshmanan,2022,nan
"
Jupyter for Data Science: Exploratory analysis, statistical modeling, machine learning, and data visualization with Jupyter
",Packt Publishing,Dan Toomey,2017,english
"
It's All Analytics!: The Foundations of Al, Big Data and Data Science Landscape for Professionals in Healthcare, Business, and Government
",Productivity Press,"Scott Burk, Gary D. Miner",2020,english
"
Data Science Crash Course for Beginners: Fundamentals and Practices with Python
",AI Publishing,AI Publishing,2020,english
"
Apache Spark 2.x Cookbook: Cloud-ready recipes for analytics and data science
",Packt Publishing,Rishi Yadav,2017,english
"
Beginning Java Data Structures and Algorithms: Sharpen your problem solving skills by learning core computer science concepts in a pain-free manner
",Packt Publishing,James Cutajar,2018,english
"
ProgrammerLazy. SQL for Marketers: Dominate data analytics, data science, and big data. Data Science and Machine Learning in Python
",nan,,english,english
"
Python Data Science Handbook, 2nd Edition (Second Early Release)
","O'Reilly Media, Inc.",Jake VanderPlas,2022,english
"
Data Science Foundations: Geometry and Topology of Complex Hierarchic Systems and Big Data Analytics
",Chapman and Hall/CRC,Fionn Murtagh,2017,english
"
Report Writing for Data Science in R
",nan,Roger D. Peng,2015,english
"
Machine Learning in Business - An Introduction to the World of Data Science
",Independently published,John Hull,2020,english
"
Applied Missing Data Analysis (Methodology In The Social Sciences)
",nan,Craig K. Enders PhD,2010,english
"
Data Communications and Networking
",McGraw-Hill Science/Engineering/Math,"Behrouz A Forouzan, Behrouz Forouzan",2003,english
"
Nature Inspired Computing for Data Science
",Springer,"Minakhi Rout, Jitendra Kumar Rout, Himansu Das (Editors)",2020,english
"
Data Science on the Google Cloud Platform: Implementing End-to-End Real-Time Data Pipelines: From Ingest to Machine Learning
",O'Reilly Media,Valliappa Lakshmanan,2022,english
"
Arduino Measurements in Science: Advanced Techniques and Data Projects
",Apress,Richard J. Smythe,2021,english
"
Data Science in Theory and Practice: Techniques for Big Data Analytics and Complex Data Sets
",Wiley,"Mariani, Maria C., Tweneboah, Osei Kofi, Beccar-Varela, Maria Pia",2021,english
"
Introduction to HPC with MPI for Data Science
",Springer International Publishing,Frank Nielsen,2016,english
"
Data Science from Scratch: The #1 Data Science Guide for Everything A Data Scientist Needs to Know: Python, Linear Algebra, Statistics, Coding, Applications, Neural Networks, and Decision Tree
",nan,Cooper Steven,2018,english
"
Advances in Data Science: Methodologies and Applications
",Springer Internationa,"Gloria Phillips-Wren, Anna Esposito, Lakhmi C. Jain",2021,english
"
The Big Book of Data Science Use Cases
",nan,Databricks,2020,english
"
Econometrics and Data Science: Apply Data Science Techniques to Model Complex Problems and Implement Solutions
",Apress,Tshepo Chris Nokeri,2021,english
"
Data Science : Innovative Developments in Data Analysis and Clustering
",Springer International Publishing,"Francesco Palumbo, Angela Montanari, Maurizio Vichi (eds.)",2017,english
"
Productive and Efficient Data Science with Python
",Apress,Tirthajyoti Sarkar,2022,english
"
Build a Career in Data Science
",Manning Publications,"Jacqueline Nolis, Emily Robinson",2020,english
"
Python for R users : a data science approach
",Wiley,"Ohri, Ajay",2018,english
"
Fast Python for Data Science Version 8
",Manning Publications,Tiago Rodrigues Antao [Tiago Antão],2022,english
"
Python Machine Learning: The Ultimate Guide for Beginners to Machine Learning with Python, Programming and Deep Learning, Artificial Intelligence, Neural Networks, and Data Science
",nan,"Moore, Richard, Moore, Richard",2019,english
"
Audit Analytics: Data Science for the Accounting Profession
",Springer International Publishing;Springer,J. Christopher Westland,2020,english
"
Geospatial Data Science Techniques and Applications
",CRC Press,"Hassan A. Karimi, Bobak Karimi",2018,english
"
Statistical Inference via Data Science: A ModernDive into R and the Tidyverse (Chapman & Hall/CRC The R Series)
",Chapman and Hall/CRC,"Chester Ismay, Albert Y. Kim",2019,english
"
Basketball Data Science: With Applications in R
",CRC Press,"Paola Zuccolotto, Marica Manisera",2020,english
"
Programming for Beginners: 3 Manuscripts: The Complete Guide to Learning Python Crash Course, Python Machine Learning and Python Data Science in a Week
",nan,"Lee, Andrew",2021,english
"
Julia for Data Science
",Packt Publishing,Anshul Joshi,2016,english
"
Longitudinal and Panel Data: Analysis and Applications in the Social Sciences
",nan,Edward W. Frees,2004,english
"
Fundamentals of Clinical Data Science
",Springer Nature,"Pieter Kubben, Michel Dumontier, Andre Dekker",2019,english
"
ML Ops: Operationalizing Data Science
","O'Reilly Media, Inc.",David Sweenor & Steven Hillion & Dan Rope & Dev Kannabiran & Thomas Hill & Michael O'Connell [David Sweenor],2020,english
"
Big Data and Artificial Intelligence: Complete Guide to Data Science, AI, Big Data and Machine Learning.
",nan,"Weber, Hans",2020,english
"
Data Science In Cybersecurity And Cyberthreat Intelligence
",Springer,"Leslie F. Sikos, Kim-Kwang Raymond Choo",2020,english
"
Human-Centered Data Science: An Introduction
",The MIT Press,"Aragon, Cecilia, Guha, Shion, Kogan, Marina, Muller, Michael, Neff, Gina",2022,english
"
Python Pandas for Beginners: Pandas Specialization for Data Scientist (Python for Beginners in Data Science and Data Analysis Book 2)
",AI Publishing LLC,"Publishing, AI",2022,english
"
Python For Data Analysis: The Ultimate and Definitive Manual to Learn Data Science and Coding With Python. Master The basics of Machine Learning, to Clean Code and Improve Artificial Intelligence
",Dario Valvo,Matt Algore,2021,english
"
Deep Learning Made Easy with R: A Gentle Introduction For Data Science
",CreateSpace Independent Publishing Platform,N.D Lewis,2016,english
"
Business Data Science: Combining Machine Learning and Economics to Optimize, Automate, and Accelerate Business Decisions
",McGraw-Hill Education,Matt Taddy,2019,english
"
Velocity-Based Training: How to Apply Science, Technology, and Data to Maximize Performance
",Human Kinetics,"Signore, Nunzio",2021,english
"
PYTHON DATA SCIENCE: The Complete Step-by-Step Python Programming Guide. Learn How to Master Big Data Analysis and Machine Learning (2022 Edition For Beginners)
",nan,Ivor Osborne,2021,english
"
Essential Math for Data Science
",O'Reilly,Thomas Nield,2022,english
"
Essential Math for Data Science: Take Control of Your Data with Fundamental Linear Algebra, Probability, and Statistics, First Edition
",O'Reilly Media,Thomas Nield,2022,english
"
Generalized Linear Models for Insurance Data (International Series on Actuarial Science)
",Cambridge University Press,"Piet de Jong, Gillian Z. Heller",2008,english
"
Arduino in Science: Collecting, Displaying, and Manipulating Sensor Data
",Apress,Richard J. Smythe,2021,english
"
Introdução a Data Science - Algoritmos de Machine Learning e métodos de análise
",Casa do Código,"Tatiana Escovedo, Adriano Koshiyama",2020,portuguese
"
Neural data science : a primer with MATLAB and Python
",Academic Press,"Nylen, Erik Lee, Wallisch, Pascal",2017,english
"
Statistical Analysis Of Empirical Data: Methods For Applied Sciences
",Springer,Scott Pardo,2020,english
"
Cloud Computing for Data Analysis The missing semester of Data Science
",Leanpub book,Noah Gift,2021,english
"
Big Data Analytics for Improved Accuracy, Efficiency, and Decision Making in Digital Marketing
",Business Science Reference,Amandeep Singh,2021,english
"
Data Science from Scratch: First Principles with Python
",O'Reilly Media,Joel Grus,2019,english
"
Data Science in Engineering and Management: Applications, New Developments, and Future Trends
",CRC Press,"Zdzislaw Polkowski (editor), Sambit Kumar Mishra (editor), Julian Vasilev (editor)",2022,english
"
Big Data in Computational Social Science and Humanities
",Springer,Shu-Heng Chen,2018,english
"
Python: Real-World Data Science: A course in four modules
",Packt Publishing,"Dusty Phillips, Fabrizio Romano, Phuong Vo.T.H, Martin Czygan, Robert Layton",2016,english
"
Principles of High-Performance Processor Design: For High Performance Computing, Deep Neural Networks and Data Science
",Springer,Junichiro Makino,2021,english
"
Introduction to Data Science: Essential Concepts
",nan,"Peters Morgan [Morgan, Peters]",2018,english
"
Machine Learning for Signal Processing: Data Science, Algorithms, and Computational Statistics
","Oxford University Press, USA",Max A. Little,2019,english
"
Building Data Science Applications with FastAPI: Develop, manage, and deploy efficient machine learning applications with Python
",Packt Publishing,François Voron,2021,english
"
Measurement and Data Analysis for Engineering and Science, Fourth Edition
",CRC Press,"Patrick F Dunn, Michael P. Davis",2018,english
"
Advanced Multi-industry Applications of Big Data Clustering and Machine Learning
",Engineering Science Reference,Fausto Pedro Garcia Marquez (editor),2020,english
"
Principles of Data Science: Learn the techniques and math you need to start making sense of your data
",Packt Publishing,Sinan Ozdemir,2016,english
"
Data analysis and statistics for geography, environmental science, and engineering
",CRC Press,"Acevedo, Miguel F",2013,english
"
Data science par la pratique: Fondamentaux avec Python
",Eyrolles,Joel Grus,french,french
"
30-Second Data Science
",Ivy Press,Liberty Vittert,2020,english
"
IPython Interactive Computing and Visualization Cookbook : Over 100 hands-on recipes to sharpen your skills in high-performance numerical computing and data science in the Jupyter Notebook
",Packt Publishing Limited,Cyrille Rossant,2018,english
"
Data Analysis Methods in Physical Oceanography, Third Edition
",Elsevier Science,"Richard E. Thomson, William J. Emery",2014,english
"
Python for Data Science For Dummies
",John Wiley & Sons,"John Paul Mueller, Luca Massaron",2015,english
"
Introduction to Python in Earth Science Data Analysis From Descriptive Statistics to Machine Learning
",Springer Nature Switzerland,Maurizio Petrelli,2021,english
"
97 Things About Ethics Everyone in Data Science Should Know
",O'Reilly Media,Bill Franks,2020,english
"
Introduzione a Python. Per l'informatica e la data science. Ediz. MyLab. Con Contenuto digitale per accesso on line
",Pearson,"Paul J. Deitel, Harvey M. Deitel, Pietro Codara (editor), Carlo Mereghetti (editor)",2021,italian
"
Data Science. Наука о данных с нуля
",БХВ-Петербург,Грас Джоэл,2017,russian
"
A Hands-On Introduction to Data Science
",Cambridge University Press,Chirag Shah,2020,english
"
The Data Engineering Cookbook: Mastering The Plumbing Of Data Science
",UNKNOWN,YASSINE MOUSAIF,2022,english
"
Data Science on AWS
","O'Reilly Media, Inc.",Chris Fregly & Antje Barth [Chris Fregly],2021,english
"
Advanced Data Science and Analytics With Python
",Taylor & Francis Ltd,Jesus Rogel-Salazar,2020,english
"
Data Science Para Leigos
",nan,Lillian Pierson,2019,portuguese
"
Logics for Computer and Data Sciences, and Artificial Intelligence
",Springer Nature,Lech T. Polkowski,2022,english
"
Managing and Visualizing Your BIM Data: Understand the fundamentals of computer science for data visualization
",Packt Publishing,"Ernesto Pellegrino, Manuel André Bottiglieri, Gavin Crump, Luisa Cypriano Pieper, Dounia Tou",2021,english
"
Fast Python for Data Science (MEAP V03)
",Manning Publications,Tiago Rodrigues Antão,2021,english
"
Data Science with Raspberry Pi: Real-Time Applications Using a Localized Cloud
",Apress,"Abdul Kadhar, K. Mohaideen, Anand, G.",2021,english
"
The Big R-Book: From Data Science to Learning Machines and Big Data
",Wiley,Philippe J. S. De Brouwer,2020,english
"
Data Science Algorithms in a Week - Second Edition
",Packt Publishing,David Natingga [David Natingga],2018,english
"
Python Data Science: An Ultimate Guide for Beginners to Learn Fundamentals of Data Science Using Python
",nan,Christopher  Wilkinson,2020,english
"
500 Most Important Data Science Interview Questions and Answers: Crack That Next Interview With Higher Salary In Less Preparation Time
",The Indian Wolf Publications,"Vamsee Puligadda [Puligadda, Vamsee]",2019,english
"
IBM SPSS Essentials: Managing and Analyzing Social Sciences Data
",Wiley,John T. Kulas,2021,english
"
Building an Effective Data Science Practice: A Framework to Bootstrap and Manage a Successful Data Science Practice
",Apress,"Vineet Raina, Srinath Krishnamurthy",2021,english
"
Data Science Projects with Python: A case study approach to successful data science projects using Python, pandas, and scikit-learn
",Packt Publishing,Stephen Klosterman,2019,english
"
Statistics for data science: leverage the power of statistics for data analysis, classification, regression, machine learning, and neural networks
",Packt,"Miller, James D",2017,english
"
Communicating with Data: The Art of Writing for Data Science
",OUP Oxford,"Nolan, Deborah, Stoudt, Sara",2021,english
"
Python Machine Learning: The Crash Course for Beginners to Programming and Deep Learning, Artificial Intelligence, Neural Networks and Data Science. Scikit Learn, Tensorflow, Pandas and Numpy.
",nan,"Smith, Django",2019,english
"
Data Science for Supply Chain Forecasting
",De Gruyter,Nicolas Vandeput,2021,english
"
The Big Book of Python for Data Analysis: Learn Data Science and Coding With Python
",Independently published,Indira Cavagnaro,2021,english
"
Numsense! Data Science for the Layman (No Math Added)
",nan,Annalyn Ng and Kenneth Soo,2017,english
"
Building Data Science Solutions with Anaconda: A comprehensive starter guide to building robust and complete models
",nan,DAN. MEADOR,2022,english
"
XML and Web Technologies for Data Sciences with R
",Springer-Verlag New York,"Deborah Nolan, Duncan Temple Lang (auth.)",2014,english
"
Learn Computer Science with Swift: Computation Concepts, Programming Paradigms, Data Management, and Modern Component Architectures with Swift and Playgrounds
",Apress,Jesse Feiler,2018,english
"
Fundamentals of Data Science
",Chapman and Hall/CRC,"Sanjeev J. Wagh, Manisha S. Bhende, Anuradha D. Thakare",2021,english
"
The Art of Data Science: A Guide for Anyone Who Works with Data
",nan,Roger D. Peng & Elizabeth Matsui,english,english
"
Chemometrics : data driven extraction for science
",John Wiley & Sons,"Brereton, Richard G",2018,english
"
Python project for beginners: Python at your fingertips! Learn, create, experiment, and don't miss the current programming language. Introduction to data science, coding, and analysis.
",nan,"Chamberlin, Eric",2020,english
"
Data Science in Chemistry: Artificial Intelligence, Big Data, Chemometrics and Quantum Computing with Jupyter
",De Gruyter,Thorsten Gressling,2020,english
"
Data Science: guida ai principi e alle tecniche base della scienza dei dati
",Apogeo,Sinan Ozdemir,2017,italian
"
Agile data science: building data analytics applications with Hadoop
",O'Reilly Media,Russell Jurney,2013,english
"
Regression Models for Data Science in R: Statistical inference for data science.
",UNKNOWN,"MOUSAIF, YASSINE",2022,english
"
Python Programming: Learn the Basics and get into Data Science
",nan,T.L.John,2021,english
"
Data Science: Theory, Algorithms, and Applications (Transactions on Computer Systems and Networks)
",Springer,"Gyanendra K. Verma (editor), Badal Soni (editor), Salah Bourennane (editor), Alexandre C. B. Ramos (editor)",2021,english
"
Beginning Data Science, IoT, and AI on Single Board Computers: Core Skills and Real-World Application with the BBC micro:bit and XinaBox
",Apress,"Philip Meitiner, Pradeeka Seneviratne",2020,english
"
Data Science on AWS: Implementing End-to-End, Continuous AI and Machine Learning Pipelines
",O'Reilly Media,"Chris Fregly, Antje Barth",2021,english
"
Effective Data Science Infrastructure
",Manning Publications,Ville Tuulos,2022,english
"
Data Science and Digital Business
",Springer International Publishing,"Fausto Pedro García Márquez, Benjamin Lev",2019,english
"
Python for Beginners: The Absolute Beginners Guide to Python Programming, Data Science and Predictive Model. A Practical Introduction to Object Oriented Programming Language
",nan,Django Smith,2019,english
"
Data Science: Create Teams That Ask the Right Questions and Deliver Real Value
",Apress,Doug Rose (auth.),2016,english
"
Artificial Intelligence, Machine Learning, and Data Science Technologies: Future Impact and Well-Being for Society 5.0 (Demystifying Technologies for Computational Excellence)
",CRC Press,", , , ",2021,english
"
Physics of Data Science and Machine Learning
",CRC Press,"Rauf, Ijaz A.",2021,english
"
Python Data Science Essentials
",Packt Publishing,"Alberto Boschetti, Luca Massaron",2018,english
"
Data Science: The Ultimate Guide to Data Analytics, Data Mining, Data Warehousing, Data Visualization, Regression Analysis, Database Querying, Big Data for Business and Machine Learning for Beginners
",nan,"Herbert Jones [Jones, Herbert]",2018,english
"
PYTHON PROGRAMMING: 3 MANUSCRIPTS CRASH COURSE CODING WITH PYTHON DATA SCIENCE. THE STEP BY STEP GUIDE FOR BEGINNERS TO MASTER SOFTWARE PROJECTS, ALGORITHMS, TRICKS AND TIPS
",nan,"Tacke, John, Matthes, Adrienne Hawke",2020,english
"
The Field Guide to Data Science: 2nd Edition
",UNKNOWN,"MOUSAIF, YASSINE",2022,english
"
Data Science – was ist das eigentlich?!: Algorithmen des maschinellen Lernens verständlich erklärt
",Springer Berlin Heidelberg,"Annalyn Ng, Kenneth Soo",2018,german
"
Python data science handbook: essential tools for working with data
",O'Reilly Media,"VanderPlas, Jacob T",2017,english
"
Quantitative Methods of Data Analysis for the Physical Sciences and Engineering
",Cambridge University Press,Douglas G. Martinson,2018,english
"
R for Data Science: Learn and explore the fundamentals of data science with R
",Packt Publishing,Dan Toomey,2014,english
"
Big Data Science in Finance
",John Wiley & Sons,Irene Aldridge and Marco Avellaneda,2020,english
"
Big Data and Social Science: Data Science Methods and Tools for Research and Practice
",Chapman and Hall/CRC,"Ian Foster (editor), Rayid Ghani (editor), Ron S. Jarmin (editor), Frauke Kreuter (editor), Julia Lane (editor)",2020,english
"
Python: Real-World Data Science
",Packt Publishing,Sebastian Raschka & Robert Layton & Martin Czygan & Phuong Vo.T.H & Fabrizio Romano & Dusty Phillips [Sebastian Raschka],2016,english
"
Statistique et Data Science Avec R
",Université Rennes 2,François Husson,2018,french
"
Data Science for Mathematicians
",CRC Press,Nathan Carter,2020,english
"
R for Health Data Science
",Taylor & Francis Limited,Ewen Harrison & Riinu Pius,2020,english
"
Analytical Skills for AI and Data Science: Building Skills for an AI-Driven Enterprise
",O'Reilly Media,Daniel Vaughan,2020,english
"
Public Policy Analytics: Code and Context for Data Science in Government
",CRC Press,Ken Steif,2021,english
"
Provenance in Data Science: From Data Models to Context-Aware Knowledge Graphs
",Springer Nature,"Leslie F. Sikos, Oshani W. Seneviratne, Deborah L. McGuinness (editors)",2021,english
"
Data science in R : a case studies approach to computational reasoning and problem solving
",CRC Press,"Lang, Duncan Temple, Nolan, Deborah",2015,english
"
It's All Analytics - Part II: Designing an Integrated AI, Analytics, and Data Science Architecture for Your Organization
",Productivity Press,"Scott Burk, David Sweenor, Gary Miner",2021,english
"
Data-Driven Science and Engineering: Machine Learning, Dynamical Systems, and Control
",Cambridge University Press,J. Nathan Kutz & Steven L. Brunton,2019,english
"
Quantitative Analysis for System Applications: Data Science and Analytics Tools and Techniques
",Technics Publications,Daniel A. McGrath Ph.D. [Daniel A. McGrath Ph.D.],2018,english
"
Fundamentals of Well-Log Interpretation1. The Acquisition of Logging Data
",Elsevier Science,O. Serra (Eds.),1984,english
"
Data Science Thinking: The Next Scientific, Technological and Economic Revolution
",Springer International Publishing,Longbing Cao,2018,english
"
Data Science Design manual
",Springer,Stevven S Skiena,2017,english
"
Scala for Data Science
",Packt Publishing,Pascal Bugnion,2016,english
"
Advances in Data Science: Methodologies and Applications
",Springer International Publishing;Springer,"Gloria Phillips-Wren, Anna Esposito, Lakhmi C. Jain",2021,english
"
Exploratory Data Analysis with MATLAB, Second Edition (Chapman & Hall CRC Computer Science & Data Analysis)
",CRC Press,"Wendy L. Martinez, Angel Martinez, Jeffrey Solka",2010,english
"
Research Data Access And Management In Modern Libraries
",Information Science Reference/IGI Global,"Raj Kumar Bhardwaj, Paul Banks",2019,english
"
Python for Data Science For Dummies
",For Dummies,"Massaron, Luca, John Paul Mueller",2019,english
"
Data Science at the Command Line, 2nd Edition
","O'Reilly Media, Inc.",Jeroen Janssens [Jeroen Janssens],2021,english
"
Mastering Python for Data Science
",Packt Publishing,Samir Madhavan,2015,english
"
Data Science for Supply Chain Forecasting
",De Gruyter,Nicolas Vandeput,2021,english
"
Python NumPy for Beginners: NumPy Specialization for Data Science (Python for Beginners in Data Science and Data Analysis Book 1)
",AI Publishing LLC,"Publishing, AI",2022,english
"
Python pour la Data science Pour les Nuls
",First Interactive,"John Paul MUELLER, Luca Massaron",2019,french
"
Marketing Data Science: Modeling Techniques in Predictive Analytics with R and Python
",Pearson Education,Thomas W. Miller,2015,english
"
Python data science cookbook : over 60 practical recipes to help you explore Python and its robust data science capabilities
",Packt Publishing,"Subramanian, Gopi",2015,english
"
Data Science on the Google Cloud Platform: Implementing End-to-End Real-Time Data Pipelines, 2nd Edition
",O'Reilly Media,Valliappa Lakshmanan,2022,english
"
Mastering Data Analysis with R: Gain sharp insights into your data and solve real-world data science problems with R—from data munging to modeling and visualization
",Packt Publishing,Gergely Daroczi,2015,english
"
Artificial Intelligence A-Z: Learn How To Build An AI: Combine the power of Data Science, Machine Learning and Deep Learning to create powerful AI for Real-World applications
",nan,Nileriver Publications,2020,english
"
Product Analytics: Applied Data Science Techniques for Actionable Consumer Insights
",Addison-Wesley Professional,Joanne Rodrigues-Craig [Joanne Rodrigues-Craig],2020,english
"
Intelligent Security Systems: How Artificial Intelligence, Machine Learning and Data Science Work For and Against Computer Security
",Wiley-IEEE Press,"Reznik, Leon",2021,english
"
Modern Data Science with R (Chapman & Hall/CRC Texts in Statistical Science)
",Chapman and Hall/CRC,"Benjamin S. Baumer, Daniel T. Kaplan, Nicholas J. Horton",2021,english
"
Text Mining for Qualitative Data Analysis in the Social Sciences: A Study on Democratic Discourse in Germany
",Springer Fachmedien Wiesbaden,Gregor Wiedemann (auth.),2016,english
"
Big data: concepts, methodologies, tools, and applications
","IGI Global,Information Science Reference",Khosrow-Pour M.  et al. (eds.),2016,english
"
Python Programming: The Crash Course for Python Projects – Learn the Secrets of Machine Learning, Data Science Analysis and Artificial Intelligence. Introduction to Deep Learning for Beginners
",nan,Sivakumar  Munusami,2019,english
"
Statistics: The Art and Science of Learning from Data
",Pearson,"Alan Agresti, Christine Franklin",2012,english
"
Data structures and algorithms with C
",Alpha Science International,"Pal, Debdutta, Halder, Suman",2018,english
"
Secure Data Science: Integrating Cyber Security and Data Science
",nan,"Bhavani Thuraisngham, Murat Kantarcioglu, and Latifur Khan",2022,english
"
Data Analytics: Practical Guide to Leveraging the Power of Algorithms, Data Science, Data Mining, Statistics, Big Data, and Predictive Analysis to Improve Business, Work, and Life
",nan,Arthur Zhang,2017,english
"
Data Science at the Command Line: Obtain, Scrub, Explore, and Model Data with Unix Power Tools
","O'Reilly Media, Inc, USA",Jeroen Janssens,2021,english
"
Mathematical methods for knowledge discovery and data mining
",Information Science Reference,"Giovanni Felici, Giovanni Felici, Carlo Vercellis",2008,english
"
Analytical Skills for AI and Data Science
",O'Reilly Media,Daniel Vaughan,2020,english
"
Introduction to Statistical and Machine Learning Methods for Data Science
",SAS Institute,Carlos Reis Pinheiro & Mike Patetta,2021,english
"
Simulation for Data Science with R
",Packt,Matthias Templ,2016,english
"
scikit-learn Cookbook: Over 50 recipes to incorporate scikit-learn into every step of the data science pipeline, from feature extraction to model building and model evaluation
",Packt Publishing,Trent Hauck,2014,english
"
Python Data Science Essentials - Second Edition
",Packt Publishing - ebooks Account,"Alberto Boschetti, Luca Massaron",2016,english
"
Jupyter for Data Science
",Packt Publishing,Dan Toomey,2017,english
"
DATA SCIENCE FROM SCRATCH: From Data Visualization To Manipulation. It Is The Easy Way! All You Need For Business Using The Basic Principles Of Python And Beyond  [REVISED & EXPANDED EDITION]
",nan,WILLIAM GRAY,english,english
"
Data Science and Social Research II: Methods, Technologies and Applications
",Springer International Publishing;Springer,"Paolo Mariani, Mariangela Zenga",2021,english
"
Programming for Beginners: 3 Manuscripts: The Complete Guide to Learning Python Crash Course, Python Machine Learning and Python Data Science in a Week
",nan,"Lee, Andrew [Lee, Andrew]",2021,english
"
Java Programming Box Set: Programming, Master's Handbook & Artificial Intelligence Made Easy; Code, Data Science, Automation, problem solving, Data Structures & Algorithms
",nan,Code Well Academy.,english,english
"
Comparative Approaches to Using R and Python for Statistical Data Analysis
",Information Science Reference,"Rui Sarmento, Vera Costa",2016,english
